use Ejercicio4

insert into Persona values(	50659001	,	'Abelardo Gutierrez'	,	'11-0253-5684'	)
insert into Persona values(	50659002	,	'Sagrario De-La-Torre'	,	'11-5428-5684'	)
insert into Persona values(	50659003	,	'Nahia Cabanillas'	,	'11-0253-5782'	)
insert into Persona values(	50659004	,	'Mireia Romera'	,	'11-0253-3588'	)
insert into Persona values(	50659005	,	'Ramiro Manrique'	,	'11-0253-1233'	)
insert into Persona values(	50659006	,	'Ezequiel Chaparro'	,	'11-0253-1111'	)
insert into Persona values(	50659007	,	'Esperanza Granados'	,	'11-0253-2222'	)
insert into Persona values(	50659008	,	'Maravillas Espino'	,	'11-7778-5684'	)
insert into Persona values(	50659009	,	'Miriam Peña'	,	'11-0285-5684'	)
insert into Persona values(	50659010	,	'Reyes Ferreiro'	,	'11-9977-2254'	)




insert into Empresa values(	'Nestlé'	,	'11-1531-5458'	)
insert into Empresa values(	'PepsiCo'	,	'11-1531-5458'	)
insert into Empresa values(	'Unilever'	,	'11-1531-5458'	)

insert into Trabaja values(	50659001	,	'Nestlé'	,	142967.09	,	'5-5-2022'	,	NULL	)
insert into Trabaja values(	50659002	,	'Nestlé'	,	113156.62	,	'5-5-2022'	,	'5-10-2022'	)
insert into Trabaja values(	50659003	,	'PepsiCo'	,	75000.5	,	'3-3-2022'	,	NULL	)
insert into Trabaja values(	50659004	,	'PepsiCo'	,	160000	,	'9-10-2022'	,	NULL	)
insert into Trabaja values(	50659005	,	'PepsiCo'	,	111853.41	,	'20-10-2022'	,	NULL	)
insert into Trabaja values(	50659006	,	'PepsiCo'	,	186869.04	,	'20-10-2022'	,	NULL	)
insert into Trabaja values(	50659007	,	'PepsiCo'	,	53804.87	,	'20-10-2022'	,	NULL	)
insert into Trabaja values(	50659008	,	'Unilever'	,	110000	,	'20-10-2022'	,	NULL	)
insert into Trabaja values(	50659009	,	'Unilever'	,	100000	,	'20-10-2022'	,	NULL	)
insert into Trabaja values(	50659010	,	'Unilever'	,	95000	,	'20-10-2022'	,	NULL	)

insert into Vive values(	50659001	,	'Calle 001'	,	'Merlo'	)
insert into Vive values(	50659002	,	'Calle 002'	,	'Merlo'	)
insert into Vive values(	50659005	,	'Calle 001'	,	'Nueva york'	)
insert into Vive values(	50659006	,	'Calle 002'	,	'Nueva york'	)
insert into Vive values(	50659007	,	'Calle 001'	,	'Nueva york'	)

insert into situada_en values(	'Nestlé'	,	'Suiza'	)
insert into situada_en values(	'PepsiCo'	,	'Nueva york'	)
insert into situada_en values(	'Unilever'	,	'Londres y Róterdam'	)

insert into supervisa values(	50659007	,	50659005	)
